{"cameraMode":{"drawMode":0,"name":"Shaded","section":"Shading Mode"},"sceneLighting":false,"audioPlay":false,"sceneViewState":{"showFog":true,"showMaterialUpdate":true,"showSkybox":true,"showFlares":true,"showImageEffects":true,"showParticleSystems":true},"in2DMode":false,"pivot":{"x":-59.329681396484378,"y":-16.28012466430664,"z":13.485511779785157},"rotation":{"x":-0.5536119341850281,"y":-0.05752411112189293,"z":0.038642462342977527,"w":-0.8298865556716919},"size":90.76274108886719,"orthographic":false}