{"cameraMode":{"drawMode":0,"name":"Shaded","section":"Shading Mode"},"sceneLighting":false,"audioPlay":false,"sceneViewState":{"showFog":true,"showMaterialUpdate":true,"showSkybox":true,"showFlares":true,"showImageEffects":true,"showParticleSystems":true},"in2DMode":false,"pivot":{"x":-2.9802322387695315e-8,"y":0.09999999403953552,"z":-2.9802322387695315e-8},"rotation":{"x":0.0739690363407135,"y":-0.9241910576820374,"z":0.2934989333152771,"w":0.23293332755565644},"size":17.630584716796876,"orthographic":false}