{"cameraMode":{"drawMode":0,"name":"Shaded","section":"Shading Mode"},"sceneLighting":false,"audioPlay":false,"sceneViewState":{"showFog":true,"showMaterialUpdate":true,"showSkybox":true,"showFlares":true,"showImageEffects":true,"showParticleSystems":true},"in2DMode":false,"pivot":{"x":-2.9802322387695315e-8,"y":0.09999999403953552,"z":-2.9802322387695315e-8},"rotation":{"x":0.6711833477020264,"y":0.029145248234272004,"z":-0.026347016915678979,"w":0.740249514579773},"size":0.9574045538902283,"orthographic":false}