{"cameraMode":{"drawMode":0,"name":"Shaded","section":"Shading Mode"},"sceneLighting":false,"audioPlay":false,"sceneViewState":{"showFog":true,"showMaterialUpdate":true,"showSkybox":true,"showFlares":true,"showImageEffects":true,"showParticleSystems":true},"in2DMode":false,"pivot":{"x":0.6973767280578613,"y":2.059375286102295,"z":-1.0821824073791505},"rotation":{"x":-0.6045880317687988,"y":-0.21580985188484193,"z":0.7465628385543823,"w":-0.1747666448354721},"size":23.339569091796876,"orthographic":false}