{"cameraMode":{"drawMode":0,"name":"Shaded","section":"Shading Mode"},"sceneLighting":false,"audioPlay":false,"sceneViewState":{"showFog":true,"showMaterialUpdate":true,"showSkybox":true,"showFlares":true,"showImageEffects":true,"showParticleSystems":true},"in2DMode":false,"pivot":{"x":1097.1708984375,"y":576.3707885742188,"z":148.57684326171876},"rotation":{"x":0.07056161761283875,"y":0.2472374588251114,"z":-0.018063705414533616,"w":0.9662134647369385},"size":1029.1737060546875,"orthographic":false}