{"cameraMode":{"drawMode":0,"name":"Shaded","section":"Shading Mode"},"sceneLighting":false,"audioPlay":false,"sceneViewState":{"showFog":true,"showMaterialUpdate":true,"showSkybox":true,"showFlares":true,"showImageEffects":true,"showParticleSystems":true},"in2DMode":false,"pivot":{"x":0.6973767280578613,"y":2.059375286102295,"z":-1.0821824073791505},"rotation":{"x":-0.21190932393074037,"y":-0.6707512736320496,"z":0.20924797654151917,"w":-0.679266095161438},"size":14.846012115478516,"orthographic":false}