{"cameraMode":{"drawMode":0,"name":"Shaded","section":"Shading Mode"},"sceneLighting":false,"audioPlay":false,"sceneViewState":{"showFog":true,"showMaterialUpdate":true,"showSkybox":true,"showFlares":true,"showImageEffects":true,"showParticleSystems":true},"in2DMode":false,"pivot":{"x":1097.1708984375,"y":576.3707885742188,"z":148.57684326171876},"rotation":{"x":0.012899727560579777,"y":0.015006579458713532,"z":-0.0002013610937865451,"w":0.9998041987419128},"size":1711.6575927734375,"orthographic":false}