{"cameraMode":{"drawMode":0,"name":"Shaded","section":"Shading Mode"},"sceneLighting":false,"audioPlay":false,"sceneViewState":{"showFog":true,"showMaterialUpdate":true,"showSkybox":true,"showFlares":true,"showImageEffects":true,"showParticleSystems":true},"in2DMode":false,"pivot":{"x":1.205627679824829,"y":1.483534336090088,"z":0.9732681512832642},"rotation":{"x":-0.5745113492012024,"y":-0.04122111201286316,"z":0.028983887284994127,"w":-0.8169439435005188},"size":18.887109756469728,"orthographic":false}