{"cameraMode":{"drawMode":0,"name":"Shaded","section":"Shading Mode"},"sceneLighting":false,"audioPlay":false,"sceneViewState":{"showFog":true,"showMaterialUpdate":true,"showSkybox":true,"showFlares":true,"showImageEffects":true,"showParticleSystems":true},"in2DMode":false,"pivot":{"x":0.6973767280578613,"y":2.059375286102295,"z":-1.0821824073791505},"rotation":{"x":-0.372029572725296,"y":-0.590449333190918,"z":0.3522461950778961,"w":-0.6236075162887573},"size":23.339569091796876,"orthographic":false}