{"cameraMode":{"drawMode":0,"name":"Shaded","section":"Shading Mode"},"sceneLighting":false,"audioPlay":false,"sceneViewState":{"showFog":true,"showMaterialUpdate":true,"showSkybox":true,"showFlares":true,"showImageEffects":true,"showParticleSystems":true},"in2DMode":false,"pivot":{"x":-25.75181770324707,"y":13.135519981384278,"z":-12.03957748413086},"rotation":{"x":0.6029810905456543,"y":0.0932290107011795,"z":-0.0712389349937439,"w":0.789080023765564},"size":135.6609649658203,"orthographic":false}