{"cameraMode":{"drawMode":0,"name":"Shaded","section":"Shading Mode"},"sceneLighting":false,"audioPlay":false,"sceneViewState":{"showFog":true,"showMaterialUpdate":true,"showSkybox":true,"showFlares":true,"showImageEffects":true,"showParticleSystems":true},"in2DMode":false,"pivot":{"x":358.5081481933594,"y":814.635986328125,"z":410.4456787109375},"rotation":{"x":-0.08240485936403275,"y":0.006580627057701349,"z":0.0005415834602899849,"w":0.9965770840644836},"size":1817.072509765625,"orthographic":false}