{"cameraMode":{"drawMode":0,"name":"Shaded","section":"Shading Mode"},"sceneLighting":false,"audioPlay":false,"sceneViewState":{"showFog":true,"showMaterialUpdate":true,"showSkybox":true,"showFlares":true,"showImageEffects":true,"showParticleSystems":true},"in2DMode":false,"pivot":{"x":-3.3609533309936525,"y":5.02431058883667,"z":6.450063705444336},"rotation":{"x":0.1094825267791748,"y":-0.7693296074867249,"z":0.1371433436870575,"w":0.6142778992652893},"size":8.259900093078614,"orthographic":false}