{"cameraMode":{"drawMode":0,"name":"Shaded","section":"Shading Mode"},"sceneLighting":false,"audioPlay":false,"sceneViewState":{"showFog":true,"showMaterialUpdate":true,"showSkybox":true,"showFlares":true,"showImageEffects":true,"showParticleSystems":true},"in2DMode":false,"pivot":{"x":15.20914363861084,"y":2.0332229137420656,"z":197.5133819580078},"rotation":{"x":0.029666626825928689,"y":0.05130057781934738,"z":-0.0017568604089319707,"w":0.9982410073280335},"size":198.33871459960938,"orthographic":false}