{"cameraMode":{"drawMode":0,"name":"Shaded","section":"Shading Mode"},"sceneLighting":false,"audioPlay":false,"sceneViewState":{"showFog":true,"showMaterialUpdate":true,"showSkybox":true,"showFlares":true,"showImageEffects":true,"showParticleSystems":true},"in2DMode":false,"pivot":{"x":64.47581481933594,"y":30.981857299804689,"z":79.92572784423828},"rotation":{"x":0.6129332780838013,"y":-0.1099013090133667,"z":0.08662611246109009,"w":0.777644157409668},"size":56.635284423828128,"orthographic":false}