{"cameraMode":{"drawMode":0,"name":"Shaded","section":"Shading Mode"},"sceneLighting":false,"audioPlay":false,"sceneViewState":{"showFog":true,"showMaterialUpdate":true,"showSkybox":true,"showFlares":true,"showImageEffects":true,"showParticleSystems":true},"in2DMode":false,"pivot":{"x":0.6973767280578613,"y":2.059375286102295,"z":-1.0821824073791505},"rotation":{"x":0.5105360746383667,"y":-0.4122961759567261,"z":0.30500152707099917,"w":0.6901731491088867},"size":28.935264587402345,"orthographic":false}