{"cameraMode":{"drawMode":0,"name":"Shaded","section":"Shading Mode"},"sceneLighting":false,"audioPlay":false,"sceneViewState":{"showFog":true,"showMaterialUpdate":true,"showSkybox":true,"showFlares":true,"showImageEffects":true,"showParticleSystems":true},"in2DMode":false,"pivot":{"x":0.0,"y":1.6668763160705567,"z":-1.8300001621246338},"rotation":{"x":0.0004437352472450584,"y":-0.7145059108734131,"z":-0.00040420450386591256,"w":-0.6996291875839233},"size":18.75910758972168,"orthographic":false}