{"cameraMode":{"drawMode":0,"name":"Shaded","section":"Shading Mode"},"sceneLighting":false,"audioPlay":false,"sceneViewState":{"showFog":true,"showMaterialUpdate":true,"showSkybox":true,"showFlares":true,"showImageEffects":true,"showParticleSystems":true},"in2DMode":false,"pivot":{"x":1494.421875,"y":117.19161224365235,"z":503.8822021484375},"rotation":{"x":0.017100149765610696,"y":0.0077703120186924938,"z":0.00014576689864043146,"w":-0.9998235702514648},"size":1490.450439453125,"orthographic":false}