{"cameraMode":{"drawMode":0,"name":"Shaded","section":"Shading Mode"},"sceneLighting":false,"audioPlay":false,"sceneViewState":{"showFog":true,"showMaterialUpdate":true,"showSkybox":true,"showFlares":true,"showImageEffects":true,"showParticleSystems":true},"in2DMode":false,"pivot":{"x":175.23651123046876,"y":542.90771484375,"z":549.5372314453125},"rotation":{"x":0.04136544093489647,"y":-0.034455619752407077,"z":0.0014194147661328316,"w":0.9985488057136536},"size":1588.8572998046875,"orthographic":false}