{"cameraMode":{"drawMode":0,"name":"Shaded","section":"Shading Mode"},"sceneLighting":false,"audioPlay":false,"sceneViewState":{"showFog":true,"showMaterialUpdate":true,"showSkybox":true,"showFlares":true,"showImageEffects":true,"showParticleSystems":true},"in2DMode":false,"pivot":{"x":-2.9802322387695315e-8,"y":0.09999999403953552,"z":-2.9802322387695315e-8},"rotation":{"x":0.26176321506500246,"y":-0.2986602485179901,"z":0.0855746641755104,"w":0.9137610197067261},"size":39.08903121948242,"orthographic":false}