{"cameraMode":{"drawMode":0,"name":"Shaded","section":"Shading Mode"},"sceneLighting":false,"audioPlay":false,"sceneViewState":{"showFog":true,"showMaterialUpdate":true,"showSkybox":true,"showFlares":true,"showImageEffects":true,"showParticleSystems":true},"in2DMode":false,"pivot":{"x":-2.9802322387695315e-8,"y":0.09999999403953552,"z":-2.9802322387695315e-8},"rotation":{"x":0.7247675061225891,"y":-0.25184327363967898,"z":0.5480219125747681,"w":0.3331051170825958},"size":16.298490524291993,"orthographic":false}